                  epoch,         train/box_loss,         train/cls_loss,         train/dfl_loss,   metrics/precision(B),      metrics/recall(B),       metrics/mAP50(B),    metrics/mAP50-95(B),           val/box_loss,           val/cls_loss,           val/dfl_loss,                 lr/pg0,                 lr/pg1,                 lr/pg2
                      1,                 1.6538,                  7.505,                0.90052,                 0.4875,                0.02908,                0.01763,                0.01151,                 1.2828,                 3.2148,                0.85315,              0.0033236,              0.0033236,              0.0033236
                      2,                 1.4861,                 5.1241,                0.88253,                0.60103,                0.07054,                0.05938,                0.03817,                 1.3133,                 2.8249,                0.86844,              0.0066405,              0.0066405,              0.0066405
                      3,                 1.5282,                   4.92,                0.89817,                0.40667,                 0.1263,                0.08009,                0.05065,                 1.3193,                 2.4363,                 0.8739,              0.0099409,              0.0099409,              0.0099409
                      4,                 1.5412,                 4.4462,                0.88871,                 0.4843,                0.12668,                0.10594,                0.06599,                 1.2168,                  2.431,                 0.8627,              0.0099258,              0.0099258,              0.0099258
                      5,                  1.393,                 3.6614,                0.88037,                0.36729,                0.13585,                0.10001,                0.06571,                 1.2072,                 2.2595,                0.86382,              0.0099258,              0.0099258,              0.0099258
                      6,                 1.3476,                 2.8847,                0.88198,                0.51808,                 0.1475,                0.13054,                0.08937,                 1.1393,                 2.0395,                0.85968,               0.009901,               0.009901,               0.009901
                      7,                 1.3701,                 2.5426,                0.87471,                0.55786,                0.17647,                0.15651,                 0.1049,                 1.1575,                  1.947,                0.85756,              0.0098763,              0.0098763,              0.0098763
                      8,                 1.3441,                  2.343,                0.87193,                0.49352,                0.20315,                0.16784,                0.11371,                 1.1346,                 1.8888,                0.85099,              0.0098515,              0.0098515,              0.0098515
                      9,                 1.2753,                 2.1676,                0.85479,                0.49042,                0.19957,                 0.1735,                0.11948,                 1.0714,                 1.8464,                0.84926,              0.0098268,              0.0098268,              0.0098268
                     10,                  1.226,                 2.0069,                0.84751,                0.61143,                0.16271,                0.19051,                0.13348,                  1.055,                 1.7744,                0.84813,               0.009802,               0.009802,               0.009802
                     11,                 1.2413,                 1.9704,                0.85566,                0.57212,                 0.1793,                0.19108,                0.13377,                 1.0529,                 1.7578,                0.84317,              0.0097773,              0.0097773,              0.0097773
                     12,                 1.2497,                 1.9505,                 0.8527,                0.58199,                0.19089,                0.19694,                0.13919,                 1.0471,                 1.7339,                0.83669,              0.0097525,              0.0097525,              0.0097525
                     13,                 1.1988,                 1.8909,                0.85534,                0.55752,                0.19736,                0.22355,                0.15921,                 1.0098,                 1.6969,                0.83923,              0.0097278,              0.0097278,              0.0097278
                     14,                 1.1819,                 1.8066,                0.85155,                0.51243,                0.22651,                0.20621,                0.14507,                 1.0108,                 1.7034,                0.83354,               0.009703,               0.009703,               0.009703
                     15,                 1.1562,                 1.7865,                0.85096,                0.55543,                0.19846,                0.23024,                0.16465,                0.99236,                 1.6538,                0.83241,              0.0096783,              0.0096783,              0.0096783
                     16,                 1.1594,                 1.6974,                 0.8601,                0.55278,                0.21829,                0.24888,                0.17819,                0.97906,                 1.5923,                0.83781,              0.0096535,              0.0096535,              0.0096535
                     17,                 1.1295,                 1.6646,                0.85329,                0.56639,                0.22258,                0.23341,                0.16657,                0.97869,                 1.6065,                0.83741,              0.0096288,              0.0096288,              0.0096288
                     18,                 1.1412,                 1.7312,                0.83423,                   0.54,                 0.2472,                0.25877,                0.18579,                0.94616,                 1.5229,                0.82828,               0.009604,               0.009604,               0.009604
                     19,                 1.1306,                 1.6458,                 0.8335,                0.47813,                0.27516,                 0.2662,                0.19669,                0.93809,                 1.5425,                0.82995,              0.0095793,              0.0095793,              0.0095793
                     20,                    1.1,                 1.6965,                0.84356,                0.49824,                0.28356,                0.26673,                0.19054,                0.96902,                 1.5801,                0.83118,              0.0095545,              0.0095545,              0.0095545
                     21,                 1.1336,                  1.622,                0.83246,                0.46364,                0.29058,                0.26586,                0.19479,                0.95577,                 1.5227,                0.82635,              0.0095298,              0.0095298,              0.0095298
                     22,                  1.124,                 1.6025,                0.83726,                0.51266,                0.28288,                0.27177,                0.19753,                0.95716,                  1.469,                0.82714,               0.009505,               0.009505,               0.009505
                     23,                 1.1035,                  1.578,                0.84333,                0.57015,                0.26429,                0.29069,                0.21243,                0.93973,                 1.4616,                0.82225,              0.0094803,              0.0094803,              0.0094803
                     24,                  1.123,                 1.5088,                0.83204,                0.47719,                0.26936,                0.27926,                0.20505,                 0.9367,                 1.4812,                0.82366,              0.0094555,              0.0094555,              0.0094555
                     25,                 1.1434,                 1.6181,                0.83697,                0.53181,                0.28068,                0.31404,                0.22681,                 0.9359,                 1.4312,                0.82191,              0.0094307,              0.0094307,              0.0094307
                     26,                 1.0864,                 1.5966,                0.82535,                0.52401,                0.28045,                0.30601,                0.22305,                0.94497,                 1.4744,                0.82132,               0.009406,               0.009406,               0.009406
                     27,                 1.1009,                 1.5583,                0.83019,                0.53671,                0.30067,                    0.3,                0.22083,                0.91835,                 1.4288,                0.82255,              0.0093813,              0.0093813,              0.0093813
                     28,                 1.1167,                 1.5002,                0.82857,                0.58081,                0.28561,                0.31317,                0.23476,                0.94054,                 1.4216,                0.82067,              0.0093565,              0.0093565,              0.0093565
                     29,                  1.063,                  1.489,                0.83009,                0.47121,                0.30911,                0.31014,                0.23332,                0.91625,                   1.41,                0.82096,              0.0093317,              0.0093317,              0.0093317
                     30,                 1.0853,                 1.5399,                0.83496,                0.47817,                0.32468,                0.31049,                0.23176,                0.91949,                 1.4109,                0.82018,               0.009307,               0.009307,               0.009307
                     31,                 1.0661,                 1.4535,                0.83545,                0.47283,                0.31336,                 0.3178,                0.23458,                0.91131,                 1.3815,                 0.8202,              0.0092823,              0.0092823,              0.0092823
                     32,                 1.0786,                 1.4644,                0.84444,                0.47614,                0.31415,                0.32945,                 0.2467,                0.89914,                 1.3735,                0.81992,              0.0092575,              0.0092575,              0.0092575
                     33,                   1.11,                 1.4485,                0.82861,                0.47646,                0.33854,                0.31885,                0.23401,                0.92385,                 1.4125,                0.81972,              0.0092327,              0.0092327,              0.0092327
                     34,                 1.0292,                  1.423,                0.82803,                0.64127,                0.26016,                 0.3286,                0.24483,                0.89677,                 1.3673,                0.81528,               0.009208,               0.009208,               0.009208
                     35,                 1.0803,                 1.4468,                0.82819,                0.52559,                0.32927,                0.34953,                0.25732,                0.92424,                 1.3563,                0.82198,              0.0091833,              0.0091833,              0.0091833
                     36,                 1.0836,                 1.4281,                 0.8266,                 0.5368,                0.32807,                0.33838,                 0.2525,                0.89752,                 1.3377,                0.81611,              0.0091585,              0.0091585,              0.0091585
                     37,                 1.0531,                 1.4116,                0.82948,                0.52275,                0.31036,                 0.3334,                0.24812,                0.90381,                 1.3613,                0.82077,              0.0091337,              0.0091337,              0.0091337
                     38,                 1.0497,                 1.3783,                0.83387,                0.47707,                0.34798,                0.35962,                0.27204,                 0.8946,                 1.3314,                0.81606,               0.009109,               0.009109,               0.009109
                     39,                 1.0819,                 1.4162,                0.83351,                0.52411,                0.32731,                0.34517,                0.25386,                0.90843,                  1.329,                0.81838,              0.0090843,              0.0090843,              0.0090843
                     40,                 1.0421,                 1.3844,                0.82873,                0.50402,                0.36345,                0.36026,                0.26652,                0.89739,                 1.3133,                0.81822,              0.0090595,              0.0090595,              0.0090595
                     41,                 1.0572,                 1.3429,                0.83128,                0.50141,                0.35417,                0.34307,                 0.2575,                0.88126,                  1.317,                0.81699,              0.0090347,              0.0090347,              0.0090347
                     42,                 1.0722,                 1.3571,                0.83403,                0.50116,                0.35003,                0.37102,                0.27695,                0.88909,                 1.2837,                0.81734,                0.00901,                0.00901,                0.00901
                     43,                 1.0394,                  1.357,                0.82956,                0.53571,                0.35018,                0.36545,                0.27572,                0.89786,                 1.2898,                0.81733,              0.0089853,              0.0089853,              0.0089853
                     44,                  1.013,                 1.3722,                 0.8326,                0.57659,                0.35155,                0.37363,                0.27987,                 0.8774,                 1.2906,                0.81392,              0.0089605,              0.0089605,              0.0089605
                     45,                 1.0887,                 1.3787,                0.83321,                0.52709,                 0.3803,                0.37863,                0.28446,                0.88501,                 1.2625,                0.81566,              0.0089358,              0.0089358,              0.0089358
                     46,                 1.0574,                 1.2984,                0.84244,                0.52376,                0.35808,                0.39276,                0.29706,                0.87808,                 1.2593,                0.81587,               0.008911,               0.008911,               0.008911
                     47,                 1.0935,                 1.4047,                0.81782,                0.61885,                0.32735,                0.38843,                0.29695,                0.88522,                 1.2584,                0.81709,              0.0088863,              0.0088863,              0.0088863
                     48,                 1.0318,                 1.3085,                0.82374,                0.52503,                0.36531,                 0.3844,                0.29099,                0.88128,                 1.2483,                0.81425,              0.0088615,              0.0088615,              0.0088615
                     49,                 1.0465,                 1.3121,                0.82969,                0.53756,                0.35117,                  0.391,                0.29759,                 0.8734,                 1.2606,                0.81612,              0.0088368,              0.0088368,              0.0088368
                     50,                 1.0595,                 1.3469,                0.83573,                 0.5743,                0.35518,                0.40351,                0.30619,                0.87969,                 1.2386,                0.81348,               0.008812,               0.008812,               0.008812
                     51,                 1.0417,                 1.3556,                0.82398,                0.52797,                0.37375,                0.40821,                0.31013,                0.87197,                 1.2293,                0.81441,              0.0087872,              0.0087872,              0.0087872
                     52,                 1.0327,                 1.2835,                0.82878,                0.58077,                0.37265,                0.40056,                0.29951,                0.88189,                 1.2055,                0.81598,              0.0087625,              0.0087625,              0.0087625
                     53,                 1.0803,                 1.2876,                0.83044,                0.54158,                0.36238,                0.40632,                0.30752,                0.87745,                 1.2301,                0.81348,              0.0087378,              0.0087378,              0.0087378
                     54,                 1.0338,                  1.307,                0.82874,                 0.5215,                0.37902,                0.41191,                0.31112,                0.86997,                 1.2097,                0.81436,               0.008713,               0.008713,               0.008713
                     55,                0.99594,                 1.2726,                0.81472,                0.53173,                0.36827,                 0.4071,                0.30462,                0.86573,                   1.21,                0.81257,              0.0086882,              0.0086882,              0.0086882
                     56,                 1.0267,                 1.2729,                0.82132,                0.51891,                0.39974,                0.43276,                0.32674,                0.86166,                 1.1938,                 0.8113,              0.0086635,              0.0086635,              0.0086635
                     57,                 1.0278,                 1.2579,                0.83048,                0.46878,                0.39849,                0.41748,                0.31428,                0.86224,                 1.2103,                0.81306,              0.0086388,              0.0086388,              0.0086388
                     58,                 1.0276,                  1.223,                0.81866,                0.50135,                0.40917,                0.42904,                0.32224,                0.86603,                 1.1902,                0.81496,               0.008614,               0.008614,               0.008614
                     59,                 1.0287,                 1.2561,                0.82865,                0.45816,                0.41504,                0.42836,                0.32674,                0.86234,                 1.1764,                0.81143,              0.0085893,              0.0085893,              0.0085893
                     60,                 1.0051,                 1.2738,                0.81929,                 0.5181,                0.40246,                0.43281,                0.32749,                0.85259,                  1.174,                 0.8124,              0.0085645,              0.0085645,              0.0085645
                     61,                  1.024,                 1.2517,                0.82579,                0.51714,                0.41659,                0.45872,                0.34919,                0.86275,                 1.1804,                0.81236,              0.0085398,              0.0085398,              0.0085398
                     62,                 1.0307,                 1.2396,                0.82531,                0.47978,                0.43481,                0.45703,                0.34951,                0.86563,                 1.1801,                0.81132,               0.008515,               0.008515,               0.008515
                     63,                0.99577,                  1.204,                0.81571,                0.53574,                0.39089,                0.45301,                0.34749,                0.85824,                 1.1428,                0.81231,              0.0084903,              0.0084903,              0.0084903
                     64,                 1.0309,                 1.2197,                0.82868,                0.56057,                0.39301,                0.44837,                0.33652,                 0.8618,                 1.1434,                0.81375,              0.0084655,              0.0084655,              0.0084655
                     65,                 1.0086,                 1.2349,                0.82487,                0.57701,                 0.3888,                0.44809,                0.33836,                 0.8581,                 1.1539,                0.81159,              0.0084408,              0.0084408,              0.0084408
                     66,                 1.0356,                 1.2503,                 0.8272,                0.53808,                0.38165,                 0.4422,                0.33587,                0.85383,                 1.1304,                0.81131,               0.008416,               0.008416,               0.008416
                     67,                 1.0268,                 1.1971,                0.82438,                0.62545,                0.35548,                0.43847,                0.33026,                0.85365,                 1.1453,                  0.811,              0.0083913,              0.0083913,              0.0083913
                     68,                 1.0048,                 1.2102,                 0.8166,                0.57739,                0.38961,                0.45314,                0.34469,                 0.8509,                 1.1233,                0.81142,              0.0083665,              0.0083665,              0.0083665
                     69,                 1.0105,                 1.2048,                0.82539,                0.56863,                0.40534,                0.46131,                0.35088,                0.84672,                 1.1401,                0.81033,              0.0083418,              0.0083418,              0.0083418
                     70,                  1.028,                 1.1922,                0.81663,                0.60917,                0.40657,                0.46983,                0.35593,                0.84015,                 1.1079,                0.81278,               0.008317,               0.008317,               0.008317
                     71,                0.99296,                 1.1751,                0.83127,                0.59129,                0.40799,                0.46265,                0.35033,                 0.8457,                 1.1136,                0.81014,              0.0082922,              0.0082922,              0.0082922
                     72,                 1.0282,                 1.1864,                0.81946,                 0.6083,                0.39523,                0.44568,                0.34024,                0.84871,                 1.1073,                0.80996,              0.0082675,              0.0082675,              0.0082675
                     73,                 1.0119,                 1.1856,                0.82044,                0.52887,                0.41449,                0.45829,                0.34799,                0.84655,                 1.1061,                0.80995,              0.0082428,              0.0082428,              0.0082428
                     74,                 1.0224,                 1.1632,                0.80864,                0.62116,                0.37717,                0.47311,                0.36193,                0.84186,                 1.0997,                0.80947,               0.008218,               0.008218,               0.008218
                     75,                0.98678,                  1.174,                0.82316,                0.52399,                0.43182,                 0.4795,                0.36359,                0.84384,                 1.1085,                0.80955,              0.0081932,              0.0081932,              0.0081932
                     76,                 1.0075,                 1.2055,                0.82903,                 0.6013,                0.43625,                0.50061,                0.37854,                0.83879,                 1.1004,                 0.8097,              0.0081685,              0.0081685,              0.0081685
                     77,                 1.0103,                 1.1829,                0.82058,                0.61219,                0.39743,                0.49145,                0.37606,                0.84599,                 1.0939,                0.81082,              0.0081437,              0.0081437,              0.0081437
                     78,                0.98551,                 1.1234,                0.81705,                0.66015,                0.38759,                0.49182,                0.37719,                0.84075,                 1.0763,                0.81209,               0.008119,               0.008119,               0.008119
                     79,                0.98528,                 1.1162,                 0.8194,                0.68258,                0.35723,                0.49709,                0.38106,                0.83554,                 1.0735,                0.81187,              0.0080942,              0.0080942,              0.0080942
                     80,                0.99678,                 1.1175,                0.82695,                0.69803,                0.35837,                0.47985,                0.36946,                0.83187,                 1.0663,                 0.8101,              0.0080695,              0.0080695,              0.0080695
                     81,                 1.0093,                 1.1841,                0.81852,                 0.6263,                0.39254,                0.47722,                0.36588,                0.82867,                 1.0733,                0.80985,              0.0080447,              0.0080447,              0.0080447
                     82,                0.97002,                 1.0864,                0.82503,                0.61677,                0.38066,                0.48843,                0.37571,                0.83073,                 1.0693,                 0.8093,                0.00802,                0.00802,                0.00802
                     83,                0.99536,                 1.1101,                0.81653,                0.63072,                0.41012,                0.48239,                0.36535,                0.83366,                 1.0622,                0.81049,              0.0079953,              0.0079953,              0.0079953
                     84,                0.96368,                 1.1008,                0.82065,                0.62207,                0.43704,                0.49876,                0.38164,                0.82741,                 1.0584,                 0.8098,              0.0079705,              0.0079705,              0.0079705
                     85,                 1.0263,                 1.1484,                0.81484,                0.60575,                0.42156,                 0.4896,                0.37479,                0.82986,                 1.0543,                0.80885,              0.0079457,              0.0079457,              0.0079457
                     86,                0.99355,                 1.1321,                0.83143,                0.66468,                0.37982,                 0.4893,                0.37291,                0.82906,                 1.0691,                0.80887,               0.007921,               0.007921,               0.007921
                     87,                  1.013,                  1.119,                0.81676,                0.61751,                0.42069,                0.49092,                0.37619,                0.82476,                 1.0369,                0.80856,              0.0078963,              0.0078963,              0.0078963
                     88,                 1.0062,                 1.0887,                0.82179,                0.54601,                0.45933,                0.49844,                0.37933,                0.82637,                 1.0482,                 0.8076,              0.0078715,              0.0078715,              0.0078715
                     89,                 1.0173,                  1.145,                0.81783,                0.52447,                  0.451,                0.49541,                0.37709,                0.82558,                 1.0357,                0.80784,              0.0078467,              0.0078467,              0.0078467
                     90,                 1.0129,                 1.1193,                0.83925,                0.68341,                0.39426,                0.49916,                  0.379,                0.83142,                 1.0547,                0.80847,               0.007822,               0.007822,               0.007822
                     91,                0.98408,                 1.1114,                 0.8133,                0.57092,                0.45301,                 0.5114,                0.38966,                0.83766,                 1.0425,                0.80933,              0.0077973,              0.0077973,              0.0077973
                     92,                0.98922,                 1.1195,                 0.8191,                0.60702,                0.41353,                0.49424,                 0.3752,                0.83691,                 1.0388,                0.80969,              0.0077725,              0.0077725,              0.0077725
                     93,                0.96968,                 1.0965,                0.81404,                0.66288,                0.38076,                0.48782,                0.37065,                 0.8338,                 1.0345,                0.80895,              0.0077478,              0.0077478,              0.0077478
                     94,                0.93981,                 1.0555,                0.81618,                0.66066,                0.39531,                 0.4969,                0.37969,                0.82997,                 1.0232,                0.80904,               0.007723,               0.007723,               0.007723
                     95,                 1.0334,                 1.1591,                0.82007,                0.64043,                0.40156,                 0.4926,                 0.3776,                0.82741,                 1.0308,                0.80862,              0.0076983,              0.0076983,              0.0076983
                     96,                 1.0021,                 1.0677,                0.81955,                0.66607,                 0.4024,                0.50069,                0.37886,                0.82944,                 1.0254,                0.80831,              0.0076735,              0.0076735,              0.0076735
                     97,                0.95589,                 1.0696,                0.82382,                0.62939,                0.43449,                0.51757,                0.39012,                0.82922,                 1.0246,                0.80874,              0.0076488,              0.0076488,              0.0076488
                     98,                 1.0004,                 1.0973,                0.81534,                0.58813,                0.42987,                0.51045,                 0.3865,                0.82562,                  1.032,                0.80785,               0.007624,               0.007624,               0.007624
                     99,                 1.0168,                 1.1142,                0.82555,                0.58338,                0.41494,                0.49699,                0.37858,                0.82484,                 1.0299,                0.80891,              0.0075993,              0.0075993,              0.0075993
                    100,                0.97485,                 1.0591,                 0.8226,                0.69228,                0.38141,                0.50849,                0.38916,                0.82545,                 1.0236,                0.80797,              0.0075745,              0.0075745,              0.0075745
                    101,                0.97011,                 1.0512,                0.81173,                0.66885,                0.40292,                0.50277,                0.38588,                0.82069,                 1.0131,                0.80737,              0.0075498,              0.0075498,              0.0075498
                    102,                0.97554,                 1.0941,                0.81174,                0.71426,                0.38462,                0.51015,                0.39214,                0.81787,                 1.0073,                0.80727,               0.007525,               0.007525,               0.007525
                    103,                0.99182,                 1.1044,                0.83252,                0.62608,                0.42012,                0.50478,                0.38719,                0.81982,                 1.0097,                0.80704,              0.0075003,              0.0075003,              0.0075003
                    104,                0.94928,                 1.0484,                0.82453,                0.62441,                 0.4441,                0.50285,                 0.3861,                0.81504,                 1.0125,                0.80628,              0.0074755,              0.0074755,              0.0074755
                    105,                0.95453,                 1.0257,                0.82425,                0.64973,                0.41287,                0.49865,                0.38611,                0.81483,                 1.0126,                0.80642,              0.0074507,              0.0074507,              0.0074507
                    106,                0.96637,                  1.063,                0.82353,                0.63587,                0.42065,                 0.5092,                0.39205,                0.81613,                 1.0069,                0.80617,               0.007426,               0.007426,               0.007426
                    107,                 0.9796,                 1.0605,                0.82236,                 0.6365,                0.42194,                0.52078,                0.39858,                0.81522,                 1.0024,                 0.8064,              0.0074013,              0.0074013,              0.0074013
                    108,                 1.0051,                 1.0302,                0.82861,                0.56504,                0.44206,                0.51009,                0.39278,                0.81381,                0.99154,                0.80689,              0.0073765,              0.0073765,              0.0073765
                    109,                0.97313,                 1.0359,                0.81332,                 0.7134,                0.39426,                0.52685,                 0.4004,                0.81784,                0.99373,                 0.8059,              0.0073517,              0.0073517,              0.0073517
                    110,                0.97598,                 1.0347,                0.81329,                0.59777,                 0.4232,                0.52852,                 0.4056,                0.81392,                0.98803,                  0.807,               0.007327,               0.007327,               0.007327
                    111,                0.96346,                 1.0271,                0.81424,                0.59839,                0.42719,                0.53457,                 0.4098,                 0.8119,                0.98878,                0.80676,              0.0073023,              0.0073023,              0.0073023
                    112,                0.99104,                 1.0799,                0.81785,                0.62626,                0.43398,                0.53696,                0.41164,                0.80943,                0.98627,                0.80639,              0.0072775,              0.0072775,              0.0072775
                    113,                0.99865,                 1.0312,                0.81702,                0.55966,                0.46329,                0.53279,                0.40985,                0.80905,                0.98165,                0.80657,              0.0072527,              0.0072527,              0.0072527
                    114,                0.97777,                 1.0201,                0.81507,                 0.5835,                0.46211,                0.54753,                0.41823,                0.80682,                0.97968,                0.80722,               0.007228,               0.007228,               0.007228
                    115,                0.96834,                 1.0395,                0.82063,                0.61304,                0.42958,                0.54384,                0.41835,                0.80753,                 0.9775,                0.80702,              0.0072033,              0.0072033,              0.0072033
                    116,                 0.9639,                 1.0042,                0.81331,                0.61461,                0.43184,                0.52509,                 0.4047,                 0.8122,                0.98378,                 0.8078,              0.0071785,              0.0071785,              0.0071785
                    117,                0.98224,                 1.0364,                0.82083,                0.62198,                0.44219,                 0.5352,                 0.4098,                0.81321,                0.98518,                0.80726,              0.0071538,              0.0071538,              0.0071538
                    118,                0.95629,                  1.009,                0.82399,                0.59294,                0.46983,                0.54025,                0.41378,                0.81047,                0.98122,                0.80642,               0.007129,               0.007129,               0.007129
                    119,                 0.9786,                 1.0447,                0.82076,                0.57472,                  0.453,                0.53547,                0.41342,                0.80983,                0.97937,                0.80574,              0.0071042,              0.0071042,              0.0071042
                    120,                 0.9279,                0.98737,                0.81822,                0.61405,                 0.4416,                0.54039,                0.41637,                0.80529,                0.98065,                0.80512,              0.0070795,              0.0070795,              0.0070795
                    121,                 0.9624,                0.98164,                0.81556,                0.60711,                0.46139,                0.54477,                0.42004,                0.80552,                0.98234,                 0.8057,              0.0070547,              0.0070547,              0.0070547
                    122,                0.95749,                 1.0261,                0.82215,                0.65638,                0.44874,                0.54569,                0.42104,                0.80705,                0.97555,                0.80551,                0.00703,                0.00703,                0.00703
                    123,                0.95162,                 0.9878,                 0.8191,                0.59674,                0.47239,                0.54399,                0.41824,                0.80403,                0.97734,                0.80506,              0.0070053,              0.0070053,              0.0070053
                    124,                0.92655,                0.96871,                 0.8128,                0.59759,                0.48237,                  0.556,                0.42542,                0.80677,                0.97597,                0.80526,              0.0069805,              0.0069805,              0.0069805
                    125,                0.96651,                0.97145,                0.81402,                0.58699,                0.48361,                 0.5478,                   0.42,                0.80699,                 0.9774,                0.80543,              0.0069558,              0.0069558,              0.0069558
                    126,                0.97409,                 1.0429,                0.81655,                0.57967,                0.48037,                0.54306,                0.41625,                0.80742,                0.97596,                0.80562,               0.006931,               0.006931,               0.006931
                    127,                0.94594,                0.98353,                0.81501,                0.55728,                0.48611,                0.53252,                0.41099,                0.80831,                0.97676,                0.80523,              0.0069063,              0.0069063,              0.0069063
                    128,                0.97548,                0.97744,                0.82028,                0.57852,                0.48131,                0.52927,                0.40665,                0.80771,                0.97563,                0.80499,              0.0068815,              0.0068815,              0.0068815
                    129,                0.94647,                0.94384,                0.82048,                0.58775,                0.48415,                 0.5445,                0.41719,                 0.8074,                0.96927,                0.80539,              0.0068568,              0.0068568,              0.0068568
                    130,                 0.9298,                0.99978,                0.81276,                 0.5723,                0.50306,                0.53607,                0.41155,                0.80886,                0.95907,                0.80508,               0.006832,               0.006832,               0.006832
                    131,                0.94687,                0.95464,                0.81286,                0.55722,                0.50308,                0.54166,                0.41625,                0.80629,                0.95187,                 0.8044,              0.0068073,              0.0068073,              0.0068073
                    132,                0.92042,                0.96493,                0.81969,                0.57126,                0.49873,                0.53854,                0.41298,                0.80691,                0.94726,                0.80431,              0.0067825,              0.0067825,              0.0067825
                    133,                0.95766,                0.98113,                0.82041,                0.56152,                0.48931,                0.53751,                0.41101,                0.80282,                0.94687,                0.80442,              0.0067577,              0.0067577,              0.0067577
                    134,                0.93117,                0.93332,                0.81316,                 0.5457,                0.50749,                0.53787,                0.41277,                0.80343,                0.94673,                0.80459,               0.006733,               0.006733,               0.006733
                    135,                0.95398,                0.94758,                0.81425,                0.59909,                0.50274,                0.54082,                0.41399,                0.80373,                0.94422,                0.80466,              0.0067082,              0.0067082,              0.0067082
                    136,                0.95864,                0.99188,                0.81782,                0.62176,                0.49273,                0.54401,                0.41619,                0.80417,                0.94314,                0.80462,              0.0066835,              0.0066835,              0.0066835
                    137,                0.94056,                0.90939,                0.81716,                0.62982,                0.47737,                0.54771,                0.41993,                0.80482,                0.94312,                0.80486,              0.0066587,              0.0066587,              0.0066587
                    138,                0.93812,                0.95741,                0.81896,                0.64435,                0.46801,                0.54727,                0.41946,                0.80376,                0.94304,                0.80469,               0.006634,               0.006634,               0.006634
                    139,                0.91226,                0.90206,                0.82102,                0.63732,                0.48648,                0.55543,                0.42571,                0.80455,                0.94034,                0.80455,              0.0066092,              0.0066092,              0.0066092
                    140,                0.96339,                0.96658,                0.81329,                0.62642,                0.49573,                0.56045,                0.43114,                 0.8025,                0.93636,                0.80456,              0.0065845,              0.0065845,              0.0065845
                    141,                0.94012,                0.96268,                0.81805,                0.62301,                0.50099,                0.56431,                0.43278,                0.79975,                0.93835,                0.80403,              0.0065598,              0.0065598,              0.0065598
                    142,                0.92739,                0.95672,                0.82021,                0.62748,                0.49182,                0.56756,                0.43949,                0.79718,                0.93719,                0.80357,               0.006535,               0.006535,               0.006535
                    143,                 0.9391,                0.94139,                0.82229,                0.63289,                0.48954,                0.56541,                0.43958,                0.79664,                0.93633,                0.80341,              0.0065102,              0.0065102,              0.0065102
                    144,                0.97083,                0.97957,                0.81804,                0.63609,                0.48565,                0.56381,                0.43574,                0.79815,                0.93682,                0.80356,              0.0064855,              0.0064855,              0.0064855
                    145,                0.95195,                0.94468,                0.81781,                0.61196,                0.50117,                0.56282,                0.43514,                0.79585,                0.93663,                0.80316,              0.0064608,              0.0064608,              0.0064608
                    146,                0.93626,                0.95765,                0.82434,                0.60827,                 0.4978,                0.55831,                0.42994,                0.79499,                0.93538,                0.80304,               0.006436,               0.006436,               0.006436
                    147,                0.90837,                0.93319,                0.81694,                0.60867,                0.48897,                 0.5655,                0.43369,                0.79564,                0.93436,                0.80304,              0.0064112,              0.0064112,              0.0064112
                    148,                 0.9087,                0.92234,                0.81137,                0.64235,                0.47871,                0.56485,                0.43489,                  0.798,                0.93579,                0.80296,              0.0063865,              0.0063865,              0.0063865
                    149,                0.94166,                0.90531,                0.81229,                0.65548,                0.47052,                0.57017,                 0.4409,                0.79712,                0.93385,                0.80316,              0.0063618,              0.0063618,              0.0063618
                    150,                0.91782,                0.91014,                0.81655,                0.65908,                 0.4709,                0.57286,                0.44162,                0.79615,                0.93409,                0.80301,               0.006337,               0.006337,               0.006337
                    151,                 0.9065,                0.89914,                0.81999,                 0.6525,                 0.4646,                0.56967,                0.44015,                0.79609,                0.93231,                0.80268,              0.0063122,              0.0063122,              0.0063122
                    152,                0.96183,                0.93425,                0.82526,                0.64362,                0.48269,                0.57339,                0.44239,                0.79426,                0.93104,                 0.8025,              0.0062875,              0.0062875,              0.0062875
                    153,                0.91612,                0.90797,                0.81971,                0.65697,                0.47032,                0.57283,                0.44254,                0.79385,                0.92959,                0.80274,              0.0062628,              0.0062628,              0.0062628
                    154,                0.94243,                0.93225,                0.82019,                0.66721,                0.47213,                0.57007,                0.44052,                0.79354,                0.93024,                0.80267,               0.006238,               0.006238,               0.006238
                    155,                0.93878,                0.92775,                0.80996,                0.65111,                0.47697,                0.57492,                0.44596,                0.79391,                0.92988,                0.80259,              0.0062132,              0.0062132,              0.0062132
                    156,                0.95451,                0.94875,                0.82019,                0.67987,                0.46548,                0.57614,                 0.4458,                0.79368,                0.92993,                0.80271,              0.0061885,              0.0061885,              0.0061885
                    157,                0.90779,                0.89381,                0.80649,                0.65318,                0.47421,                0.56818,                 0.4411,                0.79293,                0.93033,                0.80278,              0.0061637,              0.0061637,              0.0061637
                    158,                0.95783,                0.91589,                0.82768,                0.65343,                0.47079,                0.56865,                0.44146,                0.79342,                0.93101,                0.80295,               0.006139,               0.006139,               0.006139
                    159,                0.94741,                 0.9095,                0.82938,                0.64783,                0.49848,                0.58093,                0.45206,                0.79219,                0.92922,                0.80281,              0.0061142,              0.0061142,              0.0061142
                    160,                0.89451,                0.88328,                0.81157,                0.66015,                0.48212,                0.58352,                0.45423,                0.79245,                0.92674,                 0.8027,              0.0060895,              0.0060895,              0.0060895
                    161,                0.92135,                0.89871,                0.81629,                0.65311,                0.48537,                0.58267,                0.45344,                0.79175,                0.92704,                0.80236,              0.0060647,              0.0060647,              0.0060647
                    162,                 0.9562,                0.90278,                0.81494,                0.68023,                0.45824,                 0.5799,                0.45162,                0.79081,                0.92697,                 0.8022,                0.00604,                0.00604,                0.00604
                    163,                0.92068,                0.87584,                0.82148,                 0.6824,                0.46155,                0.57662,                0.44825,                0.78925,                0.92654,                0.80209,              0.0060152,              0.0060152,              0.0060152
                    164,                 0.9628,                 0.9293,                0.81349,                0.68264,                0.46087,                 0.5776,                 0.4492,                0.78761,                0.92701,                 0.8019,              0.0059905,              0.0059905,              0.0059905
                    165,                0.91866,                0.92279,                0.81426,                0.68231,                0.45947,                 0.5829,                0.45324,                0.78817,                0.92708,                0.80202,              0.0059658,              0.0059658,              0.0059658
                    166,                0.92177,                0.86796,                0.82318,                 0.6048,                0.49952,                0.58895,                0.45817,                0.78738,                0.92549,                0.80193,               0.005941,               0.005941,               0.005941
                    167,                0.90432,                0.85884,                0.81339,                0.67808,                0.46432,                0.58918,                0.45666,                0.78714,                0.92501,                0.80199,              0.0059163,              0.0059163,              0.0059163
                    168,                 0.9372,                0.91078,                0.81531,                0.67112,                0.47885,                0.58918,                0.45661,                0.78815,                0.92457,                0.80188,              0.0058915,              0.0058915,              0.0058915
                    169,                0.90277,                0.88521,                0.82261,                0.61632,                0.49977,                0.58892,                0.45554,                0.78691,                0.92585,                0.80175,              0.0058668,              0.0058668,              0.0058668
                    170,                0.92249,                 0.8908,                0.81094,                0.61759,                0.49964,                0.59042,                 0.4566,                0.78757,                0.92418,                0.80188,               0.005842,               0.005842,               0.005842
                    171,                 0.9376,                  0.881,                0.81108,                0.61199,                0.50028,                0.59217,                0.45709,                0.78787,                 0.9229,                0.80168,              0.0058173,              0.0058173,              0.0058173
                    172,                0.92954,                0.89736,                0.81072,                0.61435,                0.50423,                0.59106,                0.45683,                0.78658,                0.92385,                0.80168,              0.0057925,              0.0057925,              0.0057925
                    173,                0.90999,                0.87976,                0.81421,                0.63015,                0.50172,                  0.588,                0.45341,                 0.7868,                0.92316,                0.80157,              0.0057678,              0.0057678,              0.0057678
                    174,                0.90413,                0.85872,                0.81554,                0.64085,                0.49743,                0.59451,                 0.4597,                0.78636,                0.92239,                0.80166,               0.005743,               0.005743,               0.005743
                    175,                0.90864,                0.86685,                0.81284,                0.64615,                0.49046,                0.59282,                0.46023,                0.78548,                0.92169,                0.80147,              0.0057183,              0.0057183,              0.0057183
                    176,                0.92151,                0.86053,                0.81404,                0.63957,                0.49329,                0.59301,                0.45988,                0.78562,                0.92145,                0.80159,              0.0056935,              0.0056935,              0.0056935
                    177,                0.89749,                 0.8875,                0.80668,                0.63966,                 0.4974,                0.59117,                0.45491,                 0.7852,                0.92026,                0.80153,              0.0056688,              0.0056688,              0.0056688
                    178,                0.91454,                0.88367,                 0.8099,                0.64935,                0.50143,                0.59263,                0.45569,                0.78471,                0.91995,                0.80135,               0.005644,               0.005644,               0.005644
                    179,                0.91156,                0.87303,                 0.8173,                0.65541,                0.49259,                 0.5913,                0.45539,                0.78433,                0.91918,                0.80136,              0.0056193,              0.0056193,              0.0056193
                    180,                0.91759,                0.87534,                0.81449,                0.65624,                0.49218,                0.59051,                0.45433,                0.78465,                0.91876,                0.80146,              0.0055945,              0.0055945,              0.0055945
                    181,                0.94212,                0.85666,                0.81261,                0.64725,                0.49875,                0.58888,                0.45236,                0.78469,                0.91786,                0.80144,              0.0055698,              0.0055698,              0.0055698
                    182,                0.89617,                0.83273,                0.81139,                0.65094,                0.49673,                0.58965,                0.45347,                0.78459,                0.91805,                0.80142,               0.005545,               0.005545,               0.005545
                    183,                0.91112,                0.86546,                0.81287,                 0.6502,                0.49821,                0.58876,                0.45394,                0.78504,                0.91712,                0.80136,              0.0055202,              0.0055202,              0.0055202
                    184,                0.91284,                0.85929,                0.81728,                0.64861,                0.50052,                0.58849,                0.45309,                0.78386,                0.91692,                0.80124,              0.0054955,              0.0054955,              0.0054955
                    185,                 0.9254,                0.87029,                0.81169,                 0.6442,                0.50165,                0.58876,                0.45467,                0.78346,                0.91446,                0.80131,              0.0054707,              0.0054707,              0.0054707
                    186,                0.92037,                0.85341,                0.81098,                0.64411,                0.50181,                0.58881,                0.45407,                0.78317,                0.91307,                0.80123,               0.005446,               0.005446,               0.005446
                    187,                0.90497,                0.85298,                0.81737,                0.64664,                0.50172,                0.58971,                0.45531,                0.78314,                0.91322,                0.80103,              0.0054212,              0.0054212,              0.0054212
                    188,                0.89218,                0.83552,                0.81568,                0.64634,                 0.5014,                0.58777,                0.45344,                0.78266,                0.91314,                0.80111,              0.0053965,              0.0053965,              0.0053965
                    189,                0.93395,                0.85455,                0.81311,                0.64452,                0.50382,                0.58699,                0.45463,                0.78284,                0.91126,                0.80103,              0.0053717,              0.0053717,              0.0053717
                    190,                0.93678,                0.83197,                0.81616,                0.64376,                0.51077,                0.58328,                0.45151,                0.78292,                0.91137,                0.80101,               0.005347,               0.005347,               0.005347
                    191,                 0.8861,                0.79038,                0.80758,                0.64199,                0.51294,                0.57964,                0.44874,                 0.7831,                0.91141,                0.80097,              0.0053223,              0.0053223,              0.0053223
                    192,                0.91241,                0.83563,                0.81156,                0.61376,                0.52216,                0.58115,                 0.4499,                0.78311,                0.91057,                0.80101,              0.0052975,              0.0052975,              0.0052975
                    193,                0.91393,                0.80382,                0.81012,                 0.5975,                0.52951,                   0.58,                0.44869,                0.78319,                0.91099,                  0.801,              0.0052727,              0.0052727,              0.0052727
                    194,                0.89712,                0.81069,                0.82335,                0.59243,                0.53219,                0.58172,                0.45021,                 0.7826,                0.90973,                 0.8009,               0.005248,               0.005248,               0.005248
                    195,                0.89279,                0.81116,                0.81159,                0.59573,                0.53034,                0.58106,                0.44929,                0.78255,                0.90917,                0.80097,              0.0052233,              0.0052233,              0.0052233
                    196,                0.95637,                0.87569,                 0.8171,                0.60378,                 0.5209,                0.58569,                0.45277,                0.78204,                 0.9068,                0.80086,              0.0051985,              0.0051985,              0.0051985
                    197,                0.88706,                0.79415,                0.81379,                0.60296,                0.52151,                0.58536,                0.45246,                0.78201,                0.90766,                0.80094,              0.0051737,              0.0051737,              0.0051737
                    198,                0.91392,                0.83296,                0.81043,                0.61556,                0.52173,                0.58638,                0.45287,                0.78114,                0.90612,                0.80092,               0.005149,               0.005149,               0.005149
                    199,                0.92192,                0.78278,                0.80656,                0.61679,                0.52106,                 0.5862,                0.45331,                0.78113,                0.90336,                 0.8009,              0.0051243,              0.0051243,              0.0051243
                    200,                0.86591,                0.79472,                0.81444,                0.61748,                0.52094,                0.58713,                0.45499,                 0.7808,                0.90368,                0.80085,              0.0050995,              0.0050995,              0.0050995
                    201,                0.90863,                0.81497,                0.80786,                0.61837,                0.52046,                0.58577,                0.45351,                0.78125,                0.90385,                0.80079,              0.0050747,              0.0050747,              0.0050747
                    202,                0.91988,                0.83158,                0.81695,                0.61695,                0.51843,                0.58602,                 0.4543,                0.78064,                0.90334,                 0.8008,                0.00505,                0.00505,                0.00505
                    203,                0.89701,                0.81303,                0.82041,                0.61608,                0.51931,                 0.5868,                  0.455,                 0.7816,                0.90358,                0.80088,              0.0050253,              0.0050253,              0.0050253
                    204,                 0.9046,                0.79897,                0.80765,                0.61352,                0.51693,                0.58139,                0.44948,                0.78137,                0.90361,                0.80085,              0.0050005,              0.0050005,              0.0050005
                    205,                0.90553,                 0.8225,                0.80682,                0.61631,                0.51786,                0.58184,                0.45081,                0.78132,                0.90413,                0.80076,              0.0049758,              0.0049758,              0.0049758
                    206,                0.87661,                 0.8197,                0.80665,                0.61594,                 0.5176,                0.58198,                0.45044,                0.78096,                0.90461,                0.80067,               0.004951,               0.004951,               0.004951
                    207,                0.89901,                0.79481,                0.81465,                0.61596,                0.51772,                0.58387,                0.45072,                 0.7811,                0.90366,                0.80063,              0.0049263,              0.0049263,              0.0049263
                    208,                0.90835,                0.82881,                0.81284,                 0.5973,                0.52813,                0.58681,                0.45298,                 0.7801,                0.90408,                0.80059,              0.0049015,              0.0049015,              0.0049015
                    209,                0.91612,                 0.7947,                0.82044,                 0.5959,                0.53048,                0.59206,                0.45827,                0.78058,                0.90422,                0.80057,              0.0048768,              0.0048768,              0.0048768
                    210,                0.90667,                0.81777,                0.80712,                0.59656,                0.53097,                0.59335,                 0.4594,                0.78023,                0.90356,                0.80064,               0.004852,               0.004852,               0.004852
                    211,                0.86226,                0.78576,                 0.8078,                0.59652,                0.53119,                0.59384,                0.45995,                0.78028,                0.90362,                0.80052,              0.0048272,              0.0048272,              0.0048272
                    212,                0.90875,                 0.7915,                0.81296,                0.59916,                 0.5277,                0.59293,                0.45949,                0.77995,                0.90279,                0.80052,              0.0048025,              0.0048025,              0.0048025
                    213,                0.88473,                0.78275,                0.79974,                0.58987,                0.52548,                0.59212,                0.45837,                0.77956,                 0.9026,                0.80035,              0.0047778,              0.0047778,              0.0047778
                    214,                0.88998,                0.79911,                0.81301,                0.59076,                 0.5239,                0.59328,                0.45924,                0.78012,                0.90261,                0.80038,               0.004753,               0.004753,               0.004753
                    215,                0.86993,                0.75645,                0.80295,                0.58957,                0.52472,                0.59352,                0.45946,                0.77946,                0.90189,                 0.8005,              0.0047283,              0.0047283,              0.0047283
                    216,                0.88782,                0.79418,                0.81033,                0.58936,                0.52435,                0.59367,                0.45978,                0.78002,                0.90317,                0.80053,              0.0047035,              0.0047035,              0.0047035
                    217,                0.87902,                0.78009,                0.80635,                0.58987,                0.52521,                0.59348,                0.45944,                0.78052,                0.90267,                0.80045,              0.0046788,              0.0046788,              0.0046788
                    218,                0.88987,                0.75034,                0.81304,                0.59342,                0.52123,                 0.5922,                0.45853,                0.78005,                0.90164,                0.80048,               0.004654,               0.004654,               0.004654
                    219,                0.90562,                0.78983,                0.81107,                0.59291,                 0.5213,                0.59154,                0.45806,                0.77926,                0.90045,                0.80041,              0.0046293,              0.0046293,              0.0046293
                    220,                 0.8608,                0.76459,                0.80355,                0.59355,                0.52141,                 0.5907,                0.45688,                0.77926,                0.90082,                0.80034,              0.0046045,              0.0046045,              0.0046045
                    221,                0.86561,                0.75174,                0.80633,                0.59423,                0.52112,                0.59047,                0.45715,                0.77956,                0.90066,                0.80029,              0.0045798,              0.0045798,              0.0045798
                    222,                0.88641,                0.75961,                0.80046,                0.59359,                  0.523,                0.59086,                0.45767,                0.77904,                0.89974,                0.80045,               0.004555,               0.004555,               0.004555
                    223,                0.89496,                0.78003,                0.81343,                 0.5936,                0.52328,                0.59127,                0.45742,                0.77962,                0.89768,                0.80033,              0.0045303,              0.0045303,              0.0045303
                    224,                0.83645,                0.73481,                 0.8076,                0.59361,                0.52555,                  0.591,                0.45827,                 0.7791,                0.89887,                0.80049,              0.0045055,              0.0045055,              0.0045055
                    225,                0.87401,                0.74462,                0.80572,                0.59302,                0.52919,                0.59537,                0.46319,                0.77877,                0.89836,                0.80045,              0.0044808,              0.0044808,              0.0044808
                    226,                0.90112,                0.78533,                0.79889,                0.59527,                0.52583,                0.59646,                 0.4638,                0.77855,                0.89858,                0.80033,               0.004456,               0.004456,               0.004456
                    227,                 0.8779,                0.77601,                 0.8087,                 0.5952,                0.52588,                0.59699,                0.46433,                0.77849,                0.89819,                0.80034,              0.0044313,              0.0044313,              0.0044313
                    228,                0.86791,                0.75183,                0.81759,                0.59438,                0.52659,                 0.5967,                0.46335,                0.77818,                0.89783,                0.80031,              0.0044065,              0.0044065,              0.0044065
                    229,                0.84542,                0.72575,                0.81552,                0.59421,                0.52662,                0.59739,                0.46345,                0.77872,                0.89921,                0.80026,              0.0043818,              0.0043818,              0.0043818
                    230,                0.88614,                0.75452,                0.80368,                0.58901,                0.54054,                0.59733,                0.46354,                0.77857,                0.89933,                0.80029,               0.004357,               0.004357,               0.004357
                    231,                0.87587,                0.77382,                0.80327,                0.58905,                 0.5408,                0.59733,                0.46385,                0.77896,                0.89817,                0.80022,              0.0043323,              0.0043323,              0.0043323
                    232,                0.86714,                0.72797,                0.80707,                0.58915,                0.54221,                0.59744,                0.46333,                0.77804,                0.89806,                0.80023,              0.0043075,              0.0043075,              0.0043075
                    233,                 0.9115,                0.77771,                 0.8115,                0.58038,                0.54261,                0.59706,                0.46385,                0.77874,                0.89778,                 0.8001,              0.0042828,              0.0042828,              0.0042828
                    234,                0.85021,                0.73553,                0.81448,                0.58068,                0.54208,                 0.5969,                0.46404,                0.77807,                  0.897,                0.80003,               0.004258,               0.004258,               0.004258
                    235,                0.90073,                0.74766,                0.80499,                 0.5823,                0.54296,                0.59708,                0.46307,                0.77791,                0.89738,                0.80011,              0.0042333,              0.0042333,              0.0042333
                    236,                0.86314,                0.74693,                0.81605,                  0.582,                0.54291,                0.59709,                0.46385,                0.77798,                0.89633,                0.80001,              0.0042085,              0.0042085,              0.0042085
                    237,                0.85956,                0.72867,                0.80398,                0.58265,                0.54229,                0.59264,                0.45922,                0.77745,                0.89597,                0.80009,              0.0041837,              0.0041837,              0.0041837
                    238,                  0.877,                0.75086,                0.81512,                0.58161,                0.54718,                 0.5934,                0.45976,                0.77855,                0.89503,                0.80001,               0.004159,               0.004159,               0.004159
                    239,                0.84934,                 0.7146,                0.80696,                0.58172,                0.54593,                0.59356,                0.45976,                0.77814,                0.89488,                0.79998,              0.0041342,              0.0041342,              0.0041342
                    240,                 0.8729,                0.75375,                0.80143,                 0.5821,                0.54563,                0.59358,                0.45913,                0.77844,                0.89529,                0.80001,              0.0041095,              0.0041095,              0.0041095
                    241,                0.87351,                0.71074,                0.80559,                 0.5755,                0.55662,                0.59345,                0.45988,                0.77819,                0.89573,                0.79987,              0.0040847,              0.0040847,              0.0040847
                    242,                0.87609,                0.71599,                0.80551,                0.57535,                0.55794,                0.59406,                0.45938,                0.77906,                0.89451,                0.79979,                0.00406,                0.00406,                0.00406
                    243,                0.87519,                0.72741,                0.81552,                0.57528,                0.55819,                0.59429,                0.46007,                0.77846,                0.89424,                0.79977,              0.0040352,              0.0040352,              0.0040352
                    244,                 0.8754,                0.74835,                0.80651,                0.56966,                 0.5569,                0.59349,                 0.4585,                0.77848,                0.89455,                0.79969,              0.0040105,              0.0040105,              0.0040105
                    245,                0.86926,                0.73071,                0.81034,                0.57415,                0.55856,                0.59458,                0.46017,                0.77755,                0.89428,                0.79972,              0.0039857,              0.0039857,              0.0039857
                    246,                0.86273,                0.75473,                0.80775,                0.57123,                0.55721,                0.59432,                0.45959,                 0.7781,                0.89348,                 0.7997,               0.003961,               0.003961,               0.003961
                    247,                0.86722,                0.73099,                0.81678,                0.57098,                0.55712,                0.59465,                0.45968,                0.77806,                0.89494,                0.79966,              0.0039362,              0.0039362,              0.0039362
                    248,                0.86316,                0.74295,                0.79625,                0.58028,                 0.5462,                0.59493,                 0.4601,                  0.778,                0.89444,                0.79959,              0.0039115,              0.0039115,              0.0039115
                    249,                0.88045,                0.75498,                0.81823,                 0.5798,                0.54705,                0.59495,                0.46098,                0.77782,                 0.8944,                0.79968,              0.0038867,              0.0038867,              0.0038867
                    250,                0.84503,                0.68751,                0.80659,                0.57969,                0.54697,                0.59473,                0.46059,                 0.7776,                0.89401,                0.79958,               0.003862,               0.003862,               0.003862
                    251,                0.84946,                0.72555,                0.81264,                0.57997,                0.54626,                0.59477,                0.46058,                0.77762,                0.89418,                0.79965,              0.0038372,              0.0038372,              0.0038372
                    252,                0.87007,                0.72288,                0.81309,                0.57584,                0.54485,                0.59394,                0.45928,                0.77778,                0.89406,                0.79963,              0.0038125,              0.0038125,              0.0038125
                    253,                0.86166,                0.73526,                0.80334,                0.57779,                0.54315,                0.59438,                0.45966,                0.77768,                0.89407,                0.79961,              0.0037878,              0.0037878,              0.0037878
                    254,                0.89357,                0.73227,                0.80685,                0.57717,                0.54332,                0.59444,                0.45968,                0.77796,                0.89379,                0.79963,               0.003763,               0.003763,               0.003763
                    255,                0.86173,                 0.7223,                 0.8043,                 0.5781,                0.53997,                0.59458,                 0.4599,                0.77837,                0.89294,                0.79965,              0.0037383,              0.0037383,              0.0037383
                    256,                0.87202,                0.71234,                0.81518,                0.57854,                 0.5394,                0.59471,                0.45995,                0.77821,                0.89262,                0.79969,              0.0037135,              0.0037135,              0.0037135
                    257,                0.85155,                0.70905,                0.80864,                 0.5781,                0.53947,                0.59545,                0.46039,                0.77855,                0.89143,                0.79975,              0.0036888,              0.0036888,              0.0036888
                    258,                0.85575,                 0.7338,                0.80359,                0.57733,                0.54016,                0.59485,                0.45937,                0.77826,                0.89091,                0.79976,               0.003664,               0.003664,               0.003664
                    259,                0.87809,                0.71574,                0.80876,                0.57609,                0.54219,                 0.5951,                0.46029,                 0.7789,                0.89051,                0.79963,              0.0036393,              0.0036393,              0.0036393
                    260,                0.85525,                 0.7089,                0.80521,                0.57641,                0.54204,                0.59488,                0.45985,                0.77871,                0.89031,                0.79962,              0.0036145,              0.0036145,              0.0036145
                    261,                 0.8615,                0.69976,                0.80757,                0.57697,                0.54364,                 0.5902,                0.45553,                0.77874,                0.89065,                0.79965,              0.0035898,              0.0035898,              0.0035898
                    262,                0.83768,                0.68875,                0.80421,                0.57573,                0.54334,                0.59036,                0.45614,                0.77839,                0.89018,                0.79965,               0.003565,               0.003565,               0.003565
                    263,                0.84732,                0.67971,                0.80588,                0.57405,                0.54672,                0.59078,                0.45603,                0.77853,                0.88972,                 0.7996,              0.0035403,              0.0035403,              0.0035403
                    264,                0.86806,                0.71352,                0.79904,                0.57409,                0.54669,                0.59152,                0.45613,                0.77841,                0.88982,                0.79961,              0.0035155,              0.0035155,              0.0035155
                    265,                0.86392,                0.70414,                0.80774,                0.57504,                0.54532,                0.59561,                0.46145,                0.77836,                0.88958,                0.79948,              0.0034908,              0.0034908,              0.0034908
                    266,                0.85464,                0.70486,                0.80473,                0.57335,                0.54614,                0.59526,                0.46035,                0.77783,                0.88863,                0.79947,               0.003466,               0.003466,               0.003466
                    267,                0.86124,                0.68759,                0.80387,                0.56919,                 0.5503,                0.59174,                0.45717,                0.77851,                0.88988,                0.79955,              0.0034413,              0.0034413,              0.0034413
                    268,                0.86311,                0.69801,                0.81101,                0.56941,                0.55144,                0.59743,                0.46287,                  0.779,                0.89062,                0.79948,              0.0034165,              0.0034165,              0.0034165
                    269,                 0.8697,                0.70427,                0.81422,                0.57003,                0.55205,                0.59744,                0.46248,                0.77909,                0.89103,                 0.7994,              0.0033918,              0.0033918,              0.0033918
                    270,                0.85919,                0.69339,                0.80857,                 0.5702,                0.55266,                0.59783,                0.46353,                0.77942,                0.89104,                0.79942,               0.003367,               0.003367,               0.003367
                    271,                 0.8013,                0.65316,                0.80066,                0.56955,                0.55293,                0.59769,                0.46272,                0.77868,                0.89053,                0.79933,              0.0033423,              0.0033423,              0.0033423
                    272,                 0.8467,                 0.7129,                0.80425,                0.56935,                0.55275,                0.59785,                0.46184,                 0.7784,                0.89059,                0.79931,              0.0033175,              0.0033175,              0.0033175
                    273,                0.85805,                0.69116,                0.79901,                0.56919,                0.55252,                0.59889,                 0.4628,                0.77796,                0.89068,                0.79927,              0.0032928,              0.0032928,              0.0032928
                    274,                0.84896,                0.68685,                0.80657,                 0.5693,                0.55279,                0.59936,                 0.4629,                0.77837,                0.89038,                0.79933,               0.003268,               0.003268,               0.003268
                    275,                0.85397,                0.70322,                0.80576,                0.56912,                0.55289,                0.59966,                0.46357,                0.77858,                0.89094,                 0.7993,              0.0032433,              0.0032433,              0.0032433
                    276,                0.86509,                0.69099,                0.81005,                0.56918,                0.55297,                0.59979,                0.46341,                 0.7784,                0.89056,                0.79929,              0.0032185,              0.0032185,              0.0032185
                    277,                0.85003,                0.67332,                0.80668,                0.56819,                 0.5535,                0.59933,                0.46252,                0.77809,                0.88986,                0.79923,              0.0031938,              0.0031938,              0.0031938
